id,channel_id,etag,published_at,title,description,thumbnails,privacy_status,size,player_html,created_at,updated_at
FLS3pMFB7C_BujEG5xaQIZzw,UCS3pMFB7C_BujEG5xaQIZzw,YxyobdYztCvdjXOUqpUttvF39GM/WrHrxfBaQQc_S31R7MX_oAOhoOI,2009-05-12 17:07:23,Favorites,"","{""default""=>{""url""=>""https://i.ytimg.com/vi/OdueTYY67OQ/default.jpg"", ""width""=>120, ""height""=>90}, ""medium""=>{""url""=>""https://i.ytimg.com/vi/OdueTYY67OQ/mqdefault.jpg"", ""width""=>320, ""height""=>180}, ""high""=>{""url""=>""https://i.ytimg.com/vi/OdueTYY67OQ/hqdefault.jpg"", ""width""=>480, ""height""=>360}}",public,1,"<iframe width=""640"" height=""360"" src=""http://www.youtube.com/embed/videoseries?list=FLS3pMFB7C_BujEG5xaQIZzw"" frameborder=""0"" allowfullscreen></iframe>",2015-09-28 15:30:58,2015-09-30 18:31:53
FLU-5kgkuIPfdDtLru5AAwgg,UCU-5kgkuIPfdDtLru5AAwgg,YxyobdYztCvdjXOUqpUttvF39GM/-2sq1H5EObmMG2zji1AJ9j7p9Qc,2013-01-30 21:03:11,Favorites,"","{""default""=>{""url""=>""https://i.ytimg.com/vi/oqIUGGQz2wM/default.jpg"", ""width""=>120, ""height""=>90}, ""medium""=>{""url""=>""https://i.ytimg.com/vi/oqIUGGQz2wM/mqdefault.jpg"", ""width""=>320, ""height""=>180}, ""high""=>{""url""=>""https://i.ytimg.com/vi/oqIUGGQz2wM/hqdefault.jpg"", ""width""=>480, ""height""=>360}}",public,1,"<iframe width=""640"" height=""360"" src=""http://www.youtube.com/embed/videoseries?list=FLU-5kgkuIPfdDtLru5AAwgg"" frameborder=""0"" allowfullscreen></iframe>",2015-09-28 15:30:53,2015-09-30 18:31:35
FLcpyWr8t15Xs-4vNmlNVLRQ,UCcpyWr8t15Xs-4vNmlNVLRQ,YxyobdYztCvdjXOUqpUttvF39GM/jP2ew8M_PhQYl6QYOXqHR9L6OqI,2006-10-18 22:42:17,Favorites,"","{""default""=>{""url""=>""https://i.ytimg.com/vi/2AkYK7Lv3mo/default.jpg"", ""width""=>120, ""height""=>90}, ""medium""=>{""url""=>""https://i.ytimg.com/vi/2AkYK7Lv3mo/mqdefault.jpg"", ""width""=>320, ""height""=>180}, ""high""=>{""url""=>""https://i.ytimg.com/vi/2AkYK7Lv3mo/hqdefault.jpg"", ""width""=>480, ""height""=>360}}",public,45,"<iframe width=""640"" height=""360"" src=""http://www.youtube.com/embed/videoseries?list=FLcpyWr8t15Xs-4vNmlNVLRQ"" frameborder=""0"" allowfullscreen></iframe>",2015-09-28 15:30:55,2015-09-30 18:31:41
LL9AKA0PYiGCSPqfCEMaKtag,UC9AKA0PYiGCSPqfCEMaKtag,YxyobdYztCvdjXOUqpUttvF39GM/q-352btMS3KAUiKvgKNwg-dI2cY,1970-01-01 00:00:00,Liked videos,"","{""default""=>{""url""=>""http://s.ytimg.com/yts/img/no_thumbnail-vfl4t3-4R.jpg"", ""width""=>120, ""height""=>90}, ""medium""=>{""url""=>""http://s.ytimg.com/yts/img/no_thumbnail-vfl4t3-4R.jpg"", ""width""=>320, ""height""=>180}, ""high""=>{""url""=>""http://s.ytimg.com/yts/img/no_thumbnail-vfl4t3-4R.jpg"", ""width""=>480, ""height""=>360}}",public,0,"<iframe width=""640"" height=""360"" src=""http://www.youtube.com/embed/videoseries?list=LL9AKA0PYiGCSPqfCEMaKtag"" frameborder=""0"" allowfullscreen></iframe>",2015-09-28 15:30:49,2015-09-30 18:31:26
LLS3pMFB7C_BujEG5xaQIZzw,UCS3pMFB7C_BujEG5xaQIZzw,YxyobdYztCvdjXOUqpUttvF39GM/OEsXRy_V8_yONg1UYAxJvtfJWmY,1970-01-01 00:00:00,Liked videos,"","{""default""=>{""url""=>""https://i.ytimg.com/vi/RpDUYSljrKk/default.jpg"", ""width""=>120, ""height""=>90}, ""medium""=>{""url""=>""https://i.ytimg.com/vi/RpDUYSljrKk/mqdefault.jpg"", ""width""=>320, ""height""=>180}, ""high""=>{""url""=>""https://i.ytimg.com/vi/RpDUYSljrKk/hqdefault.jpg"", ""width""=>480, ""height""=>360}}",public,8,"<iframe width=""640"" height=""360"" src=""http://www.youtube.com/embed/videoseries?list=LLS3pMFB7C_BujEG5xaQIZzw"" frameborder=""0"" allowfullscreen></iframe>",2015-09-28 15:30:57,2015-09-30 18:31:51
LLU-5kgkuIPfdDtLru5AAwgg,UCU-5kgkuIPfdDtLru5AAwgg,YxyobdYztCvdjXOUqpUttvF39GM/hyJlVe3QIFCnrlPeK5t4Hh2WvmE,1970-01-01 00:00:00,Liked videos,"","{""default""=>{""url""=>""http://s.ytimg.com/yts/img/no_thumbnail-vfl4t3-4R.jpg"", ""width""=>120, ""height""=>90}, ""medium""=>{""url""=>""http://s.ytimg.com/yts/img/no_thumbnail-vfl4t3-4R.jpg"", ""width""=>320, ""height""=>180}, ""high""=>{""url""=>""http://s.ytimg.com/yts/img/no_thumbnail-vfl4t3-4R.jpg"", ""width""=>480, ""height""=>360}}",public,0,"<iframe width=""640"" height=""360"" src=""http://www.youtube.com/embed/videoseries?list=LLU-5kgkuIPfdDtLru5AAwgg"" frameborder=""0"" allowfullscreen></iframe>",2015-09-28 15:30:52,2015-09-30 18:31:35
LLcpyWr8t15Xs-4vNmlNVLRQ,UCcpyWr8t15Xs-4vNmlNVLRQ,YxyobdYztCvdjXOUqpUttvF39GM/2OpLNMsohQ4D8Cj2ahpf9nZ9Uw0,1970-01-01 00:00:00,Liked videos,"","{""default""=>{""url""=>""https://i.ytimg.com/vi/mzK05cQBHOI/default.jpg"", ""width""=>120, ""height""=>90}, ""medium""=>{""url""=>""https://i.ytimg.com/vi/mzK05cQBHOI/mqdefault.jpg"", ""width""=>320, ""height""=>180}, ""high""=>{""url""=>""https://i.ytimg.com/vi/mzK05cQBHOI/hqdefault.jpg"", ""width""=>480, ""height""=>360}, ""standard""=>{""url""=>""https://i.ytimg.com/vi/mzK05cQBHOI/sddefault.jpg"", ""width""=>640, ""height""=>480}, ""maxres""=>{""url""=>""https://i.ytimg.com/vi/mzK05cQBHOI/maxresdefault.jpg"", ""width""=>1280, ""height""=>720}}",public,56,"<iframe width=""640"" height=""360"" src=""http://www.youtube.com/embed/videoseries?list=LLcpyWr8t15Xs-4vNmlNVLRQ"" frameborder=""0"" allowfullscreen></iframe>",2015-09-28 15:30:54,2015-09-30 18:31:39
LLzMQMhq7Id0Y_wSDA_CJdGg,UCzMQMhq7Id0Y_wSDA_CJdGg,YxyobdYztCvdjXOUqpUttvF39GM/LPAz8EQUoeoKaJO1XT1mBKA4h9Y,1970-01-01 00:00:00,Liked videos,"","{""default""=>{""url""=>""http://s.ytimg.com/yts/img/no_thumbnail-vfl4t3-4R.jpg"", ""width""=>120, ""height""=>90}, ""medium""=>{""url""=>""http://s.ytimg.com/yts/img/no_thumbnail-vfl4t3-4R.jpg"", ""width""=>320, ""height""=>180}, ""high""=>{""url""=>""http://s.ytimg.com/yts/img/no_thumbnail-vfl4t3-4R.jpg"", ""width""=>480, ""height""=>360}}",public,0,"<iframe width=""640"" height=""360"" src=""http://www.youtube.com/embed/videoseries?list=LLzMQMhq7Id0Y_wSDA_CJdGg"" frameborder=""0"" allowfullscreen></iframe>",2015-09-28 15:31:01,2015-09-30 18:32:09
PL03267CA9B82D3BAA,UCcpyWr8t15Xs-4vNmlNVLRQ,YxyobdYztCvdjXOUqpUttvF39GM/IN-0oyyx6Hnx01_WtIBxws1O_kw,2006-10-18 22:44:37,Videos From Other People,Videos from other people.,"{""default""=>{""url""=>""https://i.ytimg.com/vi/eEcBQ53QBEw/default.jpg"", ""width""=>120, ""height""=>90}, ""medium""=>{""url""=>""https://i.ytimg.com/vi/eEcBQ53QBEw/mqdefault.jpg"", ""width""=>320, ""height""=>180}, ""high""=>{""url""=>""https://i.ytimg.com/vi/eEcBQ53QBEw/hqdefault.jpg"", ""width""=>480, ""height""=>360}}",public,1,"<iframe width=""640"" height=""360"" src=""http://www.youtube.com/embed/videoseries?list=PL03267CA9B82D3BAA"" frameborder=""0"" allowfullscreen></iframe>",2015-09-28 15:30:55,2015-09-30 18:31:42
PL04A1CC5C9B860F6E,UCS3pMFB7C_BujEG5xaQIZzw,YxyobdYztCvdjXOUqpUttvF39GM/hQ-_61wgZ6k3zaMas3JCIqvmb4o,2010-07-13 14:33:51,A Conversation With Marco,Marco sits down to explain his views on a variety of issues.,"{""default""=>{""url""=>""https://i.ytimg.com/vi/YtAKyk5kM4o/default.jpg"", ""width""=>120, ""height""=>90}, ""medium""=>{""url""=>""https://i.ytimg.com/vi/YtAKyk5kM4o/mqdefault.jpg"", ""width""=>320, ""height""=>180}, ""high""=>{""url""=>""https://i.ytimg.com/vi/YtAKyk5kM4o/hqdefault.jpg"", ""width""=>480, ""height""=>360}}",public,16,"<iframe width=""640"" height=""360"" src=""http://www.youtube.com/embed/videoseries?list=PL04A1CC5C9B860F6E"" frameborder=""0"" allowfullscreen></iframe>",2015-09-28 15:30:59,2015-09-30 18:32:04
PL2EC91D1854EE76B1,UC9AKA0PYiGCSPqfCEMaKtag,YxyobdYztCvdjXOUqpUttvF39GM/EzzQYk3d2h20X37mDBnYzbSVPkM,2012-04-05 18:52:00,Donald Trump & Robert Kiyosaki: Midas Touch,"","{""default""=>{""url""=>""https://i.ytimg.com/vi/X6QNKmXbYlU/default.jpg"", ""width""=>120, ""height""=>90}, ""medium""=>{""url""=>""https://i.ytimg.com/vi/X6QNKmXbYlU/mqdefault.jpg"", ""width""=>320, ""height""=>180}, ""high""=>{""url""=>""https://i.ytimg.com/vi/X6QNKmXbYlU/hqdefault.jpg"", ""width""=>480, ""height""=>360}, ""standard""=>{""url""=>""https://i.ytimg.com/vi/X6QNKmXbYlU/sddefault.jpg"", ""width""=>640, ""height""=>480}, ""maxres""=>{""url""=>""https://i.ytimg.com/vi/X6QNKmXbYlU/maxresdefault.jpg"", ""width""=>1280, ""height""=>720}}",public,5,"<iframe width=""640"" height=""360"" src=""http://www.youtube.com/embed/videoseries?list=PL2EC91D1854EE76B1"" frameborder=""0"" allowfullscreen></iframe>",2015-09-28 15:30:50,2015-09-30 18:31:30
PL381E1EA889EB82FA,UC9AKA0PYiGCSPqfCEMaKtag,YxyobdYztCvdjXOUqpUttvF39GM/5nnPwnAcWOjU6ficqVwUN0RvGg4,2011-04-25 21:00:35,Trump: The Next Generation,"","{""default""=>{""url""=>""https://i.ytimg.com/vi/ZHZpHDNxDV4/default.jpg"", ""width""=>120, ""height""=>90}, ""medium""=>{""url""=>""https://i.ytimg.com/vi/ZHZpHDNxDV4/mqdefault.jpg"", ""width""=>320, ""height""=>180}, ""high""=>{""url""=>""https://i.ytimg.com/vi/ZHZpHDNxDV4/hqdefault.jpg"", ""width""=>480, ""height""=>360}, ""standard""=>{""url""=>""https://i.ytimg.com/vi/ZHZpHDNxDV4/sddefault.jpg"", ""width""=>640, ""height""=>480}, ""maxres""=>{""url""=>""https://i.ytimg.com/vi/ZHZpHDNxDV4/maxresdefault.jpg"", ""width""=>1280, ""height""=>720}}",public,4,"<iframe width=""640"" height=""360"" src=""http://www.youtube.com/embed/videoseries?list=PL381E1EA889EB82FA"" frameborder=""0"" allowfullscreen></iframe>",2015-09-28 15:30:51,2015-09-30 18:31:31
PL3EF757268412135C,UC9AKA0PYiGCSPqfCEMaKtag,YxyobdYztCvdjXOUqpUttvF39GM/2Dq2MNW17grGzwxbmi966ykYppo,2011-04-25 21:05:07,The Celebrity Apprentice Video Blog,"","{""default""=>{""url""=>""https://i.ytimg.com/vi/AQdDpJ5nFQo/default.jpg"", ""width""=>120, ""height""=>90}, ""medium""=>{""url""=>""https://i.ytimg.com/vi/AQdDpJ5nFQo/mqdefault.jpg"", ""width""=>320, ""height""=>180}, ""high""=>{""url""=>""https://i.ytimg.com/vi/AQdDpJ5nFQo/hqdefault.jpg"", ""width""=>480, ""height""=>360}, ""standard""=>{""url""=>""https://i.ytimg.com/vi/AQdDpJ5nFQo/sddefault.jpg"", ""width""=>640, ""height""=>480}, ""maxres""=>{""url""=>""https://i.ytimg.com/vi/AQdDpJ5nFQo/maxresdefault.jpg"", ""width""=>1280, ""height""=>720}}",public,10,"<iframe width=""640"" height=""360"" src=""http://www.youtube.com/embed/videoseries?list=PL3EF757268412135C"" frameborder=""0"" allowfullscreen></iframe>",2015-09-28 15:30:50,2015-09-30 18:31:31
PL3vjs9iXHCZcPoegoHOnkPy-vk22WeCEp,UC_8WUrPbi8clO6sWt_FDvuA,YxyobdYztCvdjXOUqpUttvF39GM/DYqH09_mFjSleiFbv6_HpkrQbN4,2015-05-15 20:46:53,Announcement Rallies,"Kentucky, New Hampshire, South Carolina, Iowa, and Nevada Announcement Rallies","{""default""=>{""url""=>""https://i.ytimg.com/vi/dh_oPzlM-Yg/default.jpg"", ""width""=>120, ""height""=>90}, ""medium""=>{""url""=>""https://i.ytimg.com/vi/dh_oPzlM-Yg/mqdefault.jpg"", ""width""=>320, ""height""=>180}, ""high""=>{""url""=>""https://i.ytimg.com/vi/dh_oPzlM-Yg/hqdefault.jpg"", ""width""=>480, ""height""=>360}, ""standard""=>{""url""=>""https://i.ytimg.com/vi/dh_oPzlM-Yg/sddefault.jpg"", ""width""=>640, ""height""=>480}, ""maxres""=>{""url""=>""https://i.ytimg.com/vi/dh_oPzlM-Yg/maxresdefault.jpg"", ""width""=>1280, ""height""=>720}}",public,9,"<iframe width=""640"" height=""360"" src=""http://www.youtube.com/embed/videoseries?list=PL3vjs9iXHCZcPoegoHOnkPy-vk22WeCEp"" frameborder=""0"" allowfullscreen></iframe>",2015-09-28 15:31:00,2015-09-30 18:32:09
PL3vjs9iXHCZdOPCbOOwXY0rDJt8uaYdl2,UC_8WUrPbi8clO6sWt_FDvuA,YxyobdYztCvdjXOUqpUttvF39GM/aliakrVqYUjF76lr8TyTgre0PTQ,2015-04-06 21:54:42,Dr. Rand Paul on the Issues,Where Dr. Rand Paul stands on the critical issues affecting the United States.,"{""default""=>{""url""=>""https://i.ytimg.com/vi/8bOeYFUphWo/default.jpg"", ""width""=>120, ""height""=>90}, ""medium""=>{""url""=>""https://i.ytimg.com/vi/8bOeYFUphWo/mqdefault.jpg"", ""width""=>320, ""height""=>180}, ""high""=>{""url""=>""https://i.ytimg.com/vi/8bOeYFUphWo/hqdefault.jpg"", ""width""=>480, ""height""=>360}, ""standard""=>{""url""=>""https://i.ytimg.com/vi/8bOeYFUphWo/sddefault.jpg"", ""width""=>640, ""height""=>480}, ""maxres""=>{""url""=>""https://i.ytimg.com/vi/8bOeYFUphWo/maxresdefault.jpg"", ""width""=>1280, ""height""=>720}}",public,18,"<iframe width=""640"" height=""360"" src=""http://www.youtube.com/embed/videoseries?list=PL3vjs9iXHCZdOPCbOOwXY0rDJt8uaYdl2"" frameborder=""0"" allowfullscreen></iframe>",2015-09-28 15:31:00,2015-09-30 18:32:09
PL3vjs9iXHCZdi4LIjlP1iDt09Eabkop7I,UC_8WUrPbi8clO6sWt_FDvuA,YxyobdYztCvdjXOUqpUttvF39GM/EZzL8GNxvurGCBbtYAn1ck8i8Xk,2015-09-15 19:39:35,Events,"","{""default""=>{""url""=>""https://i.ytimg.com/vi/paOSqsm9-YQ/default.jpg"", ""width""=>120, ""height""=>90}, ""medium""=>{""url""=>""https://i.ytimg.com/vi/paOSqsm9-YQ/mqdefault.jpg"", ""width""=>320, ""height""=>180}, ""high""=>{""url""=>""https://i.ytimg.com/vi/paOSqsm9-YQ/hqdefault.jpg"", ""width""=>480, ""height""=>360}, ""standard""=>{""url""=>""https://i.ytimg.com/vi/paOSqsm9-YQ/sddefault.jpg"", ""width""=>640, ""height""=>480}, ""maxres""=>{""url""=>""https://i.ytimg.com/vi/paOSqsm9-YQ/maxresdefault.jpg"", ""width""=>1280, ""height""=>720}}",public,3,"<iframe width=""640"" height=""360"" src=""http://www.youtube.com/embed/videoseries?list=PL3vjs9iXHCZdi4LIjlP1iDt09Eabkop7I"" frameborder=""0"" allowfullscreen></iframe>",2015-09-28 15:31:00,2015-09-30 18:32:09
PL3vjs9iXHCZdtLAmBfQpCOs_82cc8Od9K,UC_8WUrPbi8clO6sWt_FDvuA,YxyobdYztCvdjXOUqpUttvF39GM/bYjxl7VJF9Tc_SI7Ewm5q6Va4L8,2015-05-26 14:15:11,In the News,"","{""default""=>{""url""=>""https://i.ytimg.com/vi/pxVBztAI4Is/default.jpg"", ""width""=>120, ""height""=>90}, ""medium""=>{""url""=>""https://i.ytimg.com/vi/pxVBztAI4Is/mqdefault.jpg"", ""width""=>320, ""height""=>180}, ""high""=>{""url""=>""https://i.ytimg.com/vi/pxVBztAI4Is/hqdefault.jpg"", ""width""=>480, ""height""=>360}}",public,26,"<iframe width=""640"" height=""360"" src=""http://www.youtube.com/embed/videoseries?list=PL3vjs9iXHCZdtLAmBfQpCOs_82cc8Od9K"" frameborder=""0"" allowfullscreen></iframe>",2015-09-28 15:31:00,2015-09-30 18:32:09
PL40F33CF90961458F,UCS3pMFB7C_BujEG5xaQIZzw,YxyobdYztCvdjXOUqpUttvF39GM/P-F--ySdu6pgLRl6xlDpMz3fiMA,2012-08-29 15:35:14,Marco's Speeches,"","{""default""=>{""url""=>""https://i.ytimg.com/vi/v0iPLJgqFtc/default.jpg"", ""width""=>120, ""height""=>90}, ""medium""=>{""url""=>""https://i.ytimg.com/vi/v0iPLJgqFtc/mqdefault.jpg"", ""width""=>320, ""height""=>180}, ""high""=>{""url""=>""https://i.ytimg.com/vi/v0iPLJgqFtc/hqdefault.jpg"", ""width""=>480, ""height""=>360}}",public,33,"<iframe width=""640"" height=""360"" src=""http://www.youtube.com/embed/videoseries?list=PL40F33CF90961458F"" frameborder=""0"" allowfullscreen></iframe>",2015-09-28 15:30:59,2015-09-30 18:32:04
PL4E1954074ABDC594,UC9AKA0PYiGCSPqfCEMaKtag,YxyobdYztCvdjXOUqpUttvF39GM/V-71irs-atNldeUysw3tcxlk4Dc,2011-07-11 16:50:40,The Trump Hotel Collection,"","{""default""=>{""url""=>""https://i.ytimg.com/vi/BMSlAb4RD7M/default.jpg"", ""width""=>120, ""height""=>90}, ""medium""=>{""url""=>""https://i.ytimg.com/vi/BMSlAb4RD7M/mqdefault.jpg"", ""width""=>320, ""height""=>180}, ""high""=>{""url""=>""https://i.ytimg.com/vi/BMSlAb4RD7M/hqdefault.jpg"", ""width""=>480, ""height""=>360}, ""standard""=>{""url""=>""https://i.ytimg.com/vi/BMSlAb4RD7M/sddefault.jpg"", ""width""=>640, ""height""=>480}, ""maxres""=>{""url""=>""https://i.ytimg.com/vi/BMSlAb4RD7M/maxresdefault.jpg"", ""width""=>1280, ""height""=>720}}",public,5,"<iframe width=""640"" height=""360"" src=""http://www.youtube.com/embed/videoseries?list=PL4E1954074ABDC594"" frameborder=""0"" allowfullscreen></iframe>",2015-09-28 15:30:50,2015-09-30 18:31:31
PL5CACF2458608FED1,UC9AKA0PYiGCSPqfCEMaKtag,YxyobdYztCvdjXOUqpUttvF39GM/KInzwPsyr-SPFdUPQgo-E1w59wM,2011-06-14 18:31:28,Trump Golf,"","{""default""=>{""url""=>""https://i.ytimg.com/vi/7kHZu1_W3p8/default.jpg"", ""width""=>120, ""height""=>90}, ""medium""=>{""url""=>""https://i.ytimg.com/vi/7kHZu1_W3p8/mqdefault.jpg"", ""width""=>320, ""height""=>180}, ""high""=>{""url""=>""https://i.ytimg.com/vi/7kHZu1_W3p8/hqdefault.jpg"", ""width""=>480, ""height""=>360}, ""standard""=>{""url""=>""https://i.ytimg.com/vi/7kHZu1_W3p8/sddefault.jpg"", ""width""=>640, ""height""=>480}, ""maxres""=>{""url""=>""https://i.ytimg.com/vi/7kHZu1_W3p8/maxresdefault.jpg"", ""width""=>1280, ""height""=>720}}",public,7,"<iframe width=""640"" height=""360"" src=""http://www.youtube.com/embed/videoseries?list=PL5CACF2458608FED1"" frameborder=""0"" allowfullscreen></iframe>",2015-09-28 15:30:50,2015-09-30 18:31:31
PL60AC2D2FA47F783D,UCS3pMFB7C_BujEG5xaQIZzw,YxyobdYztCvdjXOUqpUttvF39GM/NZFQvGOIz4C0-IOM8KsOn_5uD_o,2009-07-02 17:18:14,Rubio Videos,"","{""default""=>{""url""=>""https://i.ytimg.com/vi/npCqVEB61BQ/default.jpg"", ""width""=>120, ""height""=>90}, ""medium""=>{""url""=>""https://i.ytimg.com/vi/npCqVEB61BQ/mqdefault.jpg"", ""width""=>320, ""height""=>180}, ""high""=>{""url""=>""https://i.ytimg.com/vi/npCqVEB61BQ/hqdefault.jpg"", ""width""=>480, ""height""=>360}}",public,182,"<iframe width=""640"" height=""360"" src=""http://www.youtube.com/embed/videoseries?list=PL60AC2D2FA47F783D"" frameborder=""0"" allowfullscreen></iframe>",2015-09-28 15:31:00,2015-09-30 18:32:06
PL67BC8C1DE36AB6D6,UC9AKA0PYiGCSPqfCEMaKtag,YxyobdYztCvdjXOUqpUttvF39GM/0voAC-SRZHaXkDS1-YKTzO2OtCM,2011-09-28 22:12:29,Eric Trump,"","{""default""=>{""url""=>""https://i.ytimg.com/vi/fn0aUjX5-_Y/default.jpg"", ""width""=>120, ""height""=>90}, ""medium""=>{""url""=>""https://i.ytimg.com/vi/fn0aUjX5-_Y/mqdefault.jpg"", ""width""=>320, ""height""=>180}, ""high""=>{""url""=>""https://i.ytimg.com/vi/fn0aUjX5-_Y/hqdefault.jpg"", ""width""=>480, ""height""=>360}, ""standard""=>{""url""=>""https://i.ytimg.com/vi/fn0aUjX5-_Y/sddefault.jpg"", ""width""=>640, ""height""=>480}, ""maxres""=>{""url""=>""https://i.ytimg.com/vi/fn0aUjX5-_Y/maxresdefault.jpg"", ""width""=>1280, ""height""=>720}}",public,6,"<iframe width=""640"" height=""360"" src=""http://www.youtube.com/embed/videoseries?list=PL67BC8C1DE36AB6D6"" frameborder=""0"" allowfullscreen></iframe>",2015-09-28 15:30:50,2015-09-30 18:31:30
PL6Y3XBcGF-Cam8t_riHZYFiGTjmFiU4ez,UCU-5kgkuIPfdDtLru5AAwgg,YxyobdYztCvdjXOUqpUttvF39GM/A_Ku5dtZJuA-C0j4yJpY2famJZY,2014-02-25 21:44:03,Ads,"","{""default""=>{""url""=>""https://i.ytimg.com/vi/bHyu3fr8L4E/default.jpg"", ""width""=>120, ""height""=>90}, ""medium""=>{""url""=>""https://i.ytimg.com/vi/bHyu3fr8L4E/mqdefault.jpg"", ""width""=>320, ""height""=>180}, ""high""=>{""url""=>""https://i.ytimg.com/vi/bHyu3fr8L4E/hqdefault.jpg"", ""width""=>480, ""height""=>360}, ""standard""=>{""url""=>""https://i.ytimg.com/vi/bHyu3fr8L4E/sddefault.jpg"", ""width""=>640, ""height""=>480}, ""maxres""=>{""url""=>""https://i.ytimg.com/vi/bHyu3fr8L4E/maxresdefault.jpg"", ""width""=>1280, ""height""=>720}}",public,8,"<iframe width=""640"" height=""360"" src=""http://www.youtube.com/embed/videoseries?list=PL6Y3XBcGF-Cam8t_riHZYFiGTjmFiU4ez"" frameborder=""0"" allowfullscreen></iframe>",2015-09-28 15:30:53,2015-09-30 18:31:38
PL6Y3XBcGF-CbbB7aVuygcsFh6z6U8_bga,UCU-5kgkuIPfdDtLru5AAwgg,YxyobdYztCvdjXOUqpUttvF39GM/Go0F9SaaWX9RdsQQvO5zHbGyZac,2014-02-25 21:42:10,Citadel Republican Society Patriot Award Dinner,"","{""default""=>{""url""=>""https://i.ytimg.com/vi/dMdWzuia0CY/default.jpg"", ""width""=>120, ""height""=>90}, ""medium""=>{""url""=>""https://i.ytimg.com/vi/dMdWzuia0CY/mqdefault.jpg"", ""width""=>320, ""height""=>180}, ""high""=>{""url""=>""https://i.ytimg.com/vi/dMdWzuia0CY/hqdefault.jpg"", ""width""=>480, ""height""=>360}, ""standard""=>{""url""=>""https://i.ytimg.com/vi/dMdWzuia0CY/sddefault.jpg"", ""width""=>640, ""height""=>480}, ""maxres""=>{""url""=>""https://i.ytimg.com/vi/dMdWzuia0CY/maxresdefault.jpg"", ""width""=>1280, ""height""=>720}}",public,5,"<iframe width=""640"" height=""360"" src=""http://www.youtube.com/embed/videoseries?list=PL6Y3XBcGF-CbbB7aVuygcsFh6z6U8_bga"" frameborder=""0"" allowfullscreen></iframe>",2015-09-28 15:30:53,2015-09-30 18:31:38
PL6gu_baKs_6V-p0ooZh_HHopdhj8qoDaI,UC-Cs55IKt_UoYTMyioTSPww,YxyobdYztCvdjXOUqpUttvF39GM/1i6m-793usAShDFWORjsf0onPeA,2015-03-06 00:19:59,Jim Webb Videos,"","{""default""=>{""url""=>""https://i.ytimg.com/vi/RtAC4bqkwzw/default.jpg"", ""width""=>120, ""height""=>90}, ""medium""=>{""url""=>""https://i.ytimg.com/vi/RtAC4bqkwzw/mqdefault.jpg"", ""width""=>320, ""height""=>180}, ""high""=>{""url""=>""https://i.ytimg.com/vi/RtAC4bqkwzw/hqdefault.jpg"", ""width""=>480, ""height""=>360}}",public,90,"<iframe width=""640"" height=""360"" src=""http://www.youtube.com/embed/videoseries?list=PL6gu_baKs_6V-p0ooZh_HHopdhj8qoDaI"" frameborder=""0"" allowfullscreen></iframe>",2015-09-28 15:30:47,2015-09-30 18:31:47
PL9D1C14D626E7605B,UCEeJwPqSAkPNxIR-HZ89fvw,YxyobdYztCvdjXOUqpUttvF39GM/DreHXZxBAOgXKAVqxVR1Gd4Opuo,2009-04-23 17:07:11,My Vlog,"","{""default""=>{""url""=>""http://s.ytimg.com/yts/img/no_thumbnail-vfl4t3-4R.jpg"", ""width""=>120, ""height""=>90}, ""medium""=>{""url""=>""http://s.ytimg.com/yts/img/no_thumbnail-vfl4t3-4R.jpg"", ""width""=>320, ""height""=>180}, ""high""=>{""url""=>""http://s.ytimg.com/yts/img/no_thumbnail-vfl4t3-4R.jpg"", ""width""=>480, ""height""=>360}}",public,0,"<iframe width=""640"" height=""360"" src=""http://www.youtube.com/embed/videoseries?list=PL9D1C14D626E7605B"" frameborder=""0"" allowfullscreen></iframe>",2015-09-30 18:32:14,2015-09-30 18:32:14
PLA674D729D4E6008D,UC9AKA0PYiGCSPqfCEMaKtag,YxyobdYztCvdjXOUqpUttvF39GM/-c0RNSTiw4BXsixnXjcbdOBbZwc,2012-05-23 21:07:21,Donald Trump Jr.,"","{""default""=>{""url""=>""https://i.ytimg.com/vi/7kHZu1_W3p8/default.jpg"", ""width""=>120, ""height""=>90}, ""medium""=>{""url""=>""https://i.ytimg.com/vi/7kHZu1_W3p8/mqdefault.jpg"", ""width""=>320, ""height""=>180}, ""high""=>{""url""=>""https://i.ytimg.com/vi/7kHZu1_W3p8/hqdefault.jpg"", ""width""=>480, ""height""=>360}, ""standard""=>{""url""=>""https://i.ytimg.com/vi/7kHZu1_W3p8/sddefault.jpg"", ""width""=>640, ""height""=>480}, ""maxres""=>{""url""=>""https://i.ytimg.com/vi/7kHZu1_W3p8/maxresdefault.jpg"", ""width""=>1280, ""height""=>720}}",public,3,"<iframe width=""640"" height=""360"" src=""http://www.youtube.com/embed/videoseries?list=PLA674D729D4E6008D"" frameborder=""0"" allowfullscreen></iframe>",2015-09-28 15:30:50,2015-09-30 18:31:30
PLB8525CE5BB76B62A,UCS3pMFB7C_BujEG5xaQIZzw,YxyobdYztCvdjXOUqpUttvF39GM/nhduEnC3KceKzPv9SsmYeccNB9Q,2010-12-03 20:18:14,Top Videos,"","{""default""=>{""url""=>""https://i.ytimg.com/vi/hbaP0Jzd6QA/default.jpg"", ""width""=>120, ""height""=>90}, ""medium""=>{""url""=>""https://i.ytimg.com/vi/hbaP0Jzd6QA/mqdefault.jpg"", ""width""=>320, ""height""=>180}, ""high""=>{""url""=>""https://i.ytimg.com/vi/hbaP0Jzd6QA/hqdefault.jpg"", ""width""=>480, ""height""=>360}}",public,12,"<iframe width=""640"" height=""360"" src=""http://www.youtube.com/embed/videoseries?list=PLB8525CE5BB76B62A"" frameborder=""0"" allowfullscreen></iframe>",2015-09-28 15:30:59,2015-09-30 18:32:04
PLB928397AC0330683,UC9AKA0PYiGCSPqfCEMaKtag,YxyobdYztCvdjXOUqpUttvF39GM/TmlIR1cbToWOPsSmWBLnJAetodk,2012-07-27 14:21:53,Trump International Realty,"","{""default""=>{""url""=>""https://i.ytimg.com/vi/8gvcxZk5Bxc/default.jpg"", ""width""=>120, ""height""=>90}, ""medium""=>{""url""=>""https://i.ytimg.com/vi/8gvcxZk5Bxc/mqdefault.jpg"", ""width""=>320, ""height""=>180}, ""high""=>{""url""=>""https://i.ytimg.com/vi/8gvcxZk5Bxc/hqdefault.jpg"", ""width""=>480, ""height""=>360}, ""standard""=>{""url""=>""https://i.ytimg.com/vi/8gvcxZk5Bxc/sddefault.jpg"", ""width""=>640, ""height""=>480}, ""maxres""=>{""url""=>""https://i.ytimg.com/vi/8gvcxZk5Bxc/maxresdefault.jpg"", ""width""=>1280, ""height""=>720}}",public,11,"<iframe width=""640"" height=""360"" src=""http://www.youtube.com/embed/videoseries?list=PLB928397AC0330683"" frameborder=""0"" allowfullscreen></iframe>",2015-09-28 15:30:50,2015-09-30 18:31:30
PLBB36D0C29844BEF8,UC9AKA0PYiGCSPqfCEMaKtag,YxyobdYztCvdjXOUqpUttvF39GM/85AIhd8KBDysJncqA6UCHyKLdN8,2011-04-25 21:03:04,From The Desk Of Donald Trump,"","{""default""=>{""url""=>""https://i.ytimg.com/vi/Qx_jb7-N0oA/default.jpg"", ""width""=>120, ""height""=>90}, ""medium""=>{""url""=>""https://i.ytimg.com/vi/Qx_jb7-N0oA/mqdefault.jpg"", ""width""=>320, ""height""=>180}, ""high""=>{""url""=>""https://i.ytimg.com/vi/Qx_jb7-N0oA/hqdefault.jpg"", ""width""=>480, ""height""=>360}, ""standard""=>{""url""=>""https://i.ytimg.com/vi/Qx_jb7-N0oA/sddefault.jpg"", ""width""=>640, ""height""=>480}, ""maxres""=>{""url""=>""https://i.ytimg.com/vi/Qx_jb7-N0oA/maxresdefault.jpg"", ""width""=>1280, ""height""=>720}}",public,66,"<iframe width=""640"" height=""360"" src=""http://www.youtube.com/embed/videoseries?list=PLBB36D0C29844BEF8"" frameborder=""0"" allowfullscreen></iframe>",2015-09-28 15:30:50,2015-09-30 18:31:31
PLBD35DF075C3C16A4,UCHprWAjXDn0eQrQdvHk1LMA,YxyobdYztCvdjXOUqpUttvF39GM/N2c15NtRPjovH7do7zZ4YDPff2E,2012-02-17 17:03:25,Governor Jindal's Remarks On Education Reform at CPAC,"","{""default""=>{""url""=>""http://s.ytimg.com/yts/img/no_thumbnail-vfl4t3-4R.jpg"", ""width""=>120, ""height""=>90}, ""medium""=>{""url""=>""http://s.ytimg.com/yts/img/no_thumbnail-vfl4t3-4R.jpg"", ""width""=>320, ""height""=>180}, ""high""=>{""url""=>""http://s.ytimg.com/yts/img/no_thumbnail-vfl4t3-4R.jpg"", ""width""=>480, ""height""=>360}}",public,4,"<iframe width=""640"" height=""360"" src=""http://www.youtube.com/embed/videoseries?list=PLBD35DF075C3C16A4"" frameborder=""0"" allowfullscreen></iframe>",2015-09-28 15:30:49,2015-09-30 18:31:24
PLE067820C2C543896,UC9AKA0PYiGCSPqfCEMaKtag,YxyobdYztCvdjXOUqpUttvF39GM/ePotaJI1QBzdsrYMzxNVLH8e3Eg,2011-07-13 20:30:27,Ivanka Trump,"","{""default""=>{""url""=>""https://i.ytimg.com/vi/FNpRrwUw0WU/default.jpg"", ""width""=>120, ""height""=>90}, ""medium""=>{""url""=>""https://i.ytimg.com/vi/FNpRrwUw0WU/mqdefault.jpg"", ""width""=>320, ""height""=>180}, ""high""=>{""url""=>""https://i.ytimg.com/vi/FNpRrwUw0WU/hqdefault.jpg"", ""width""=>480, ""height""=>360}, ""standard""=>{""url""=>""https://i.ytimg.com/vi/FNpRrwUw0WU/sddefault.jpg"", ""width""=>640, ""height""=>480}, ""maxres""=>{""url""=>""https://i.ytimg.com/vi/FNpRrwUw0WU/maxresdefault.jpg"", ""width""=>1280, ""height""=>720}}",public,19,"<iframe width=""640"" height=""360"" src=""http://www.youtube.com/embed/videoseries?list=PLE067820C2C543896"" frameborder=""0"" allowfullscreen></iframe>",2015-09-28 15:30:50,2015-09-30 18:31:31
PLFF3DAA05F71E9CF2,UCS3pMFB7C_BujEG5xaQIZzw,YxyobdYztCvdjXOUqpUttvF39GM/wymZcEPoTCI50iw7ciTPzljgXlc,2010-09-21 23:17:16,Contest,"","{""default""=>{""url""=>""https://i.ytimg.com/vi/EhSPSjQ5K8U/default.jpg"", ""width""=>120, ""height""=>90}, ""medium""=>{""url""=>""https://i.ytimg.com/vi/EhSPSjQ5K8U/mqdefault.jpg"", ""width""=>320, ""height""=>180}, ""high""=>{""url""=>""https://i.ytimg.com/vi/EhSPSjQ5K8U/hqdefault.jpg"", ""width""=>480, ""height""=>360}}",public,5,"<iframe width=""640"" height=""360"" src=""http://www.youtube.com/embed/videoseries?list=PLFF3DAA05F71E9CF2"" frameborder=""0"" allowfullscreen></iframe>",2015-09-28 15:30:59,2015-09-30 18:32:04
PLFLeMkeZ-RhM-_DXB4K7h3vCo8Nb4HbJr,UCzMQMhq7Id0Y_wSDA_CJdGg,YxyobdYztCvdjXOUqpUttvF39GM/rTm4wYsjoogDSg9a_6u4znDc8Io,2015-08-27 20:40:54,Radio Interviews,"","{""default""=>{""url""=>""https://i.ytimg.com/vi/zqjGhWW8O0Y/default.jpg"", ""width""=>120, ""height""=>90}, ""medium""=>{""url""=>""https://i.ytimg.com/vi/zqjGhWW8O0Y/mqdefault.jpg"", ""width""=>320, ""height""=>180}, ""high""=>{""url""=>""https://i.ytimg.com/vi/zqjGhWW8O0Y/hqdefault.jpg"", ""width""=>480, ""height""=>360}, ""standard""=>{""url""=>""https://i.ytimg.com/vi/zqjGhWW8O0Y/sddefault.jpg"", ""width""=>640, ""height""=>480}, ""maxres""=>{""url""=>""https://i.ytimg.com/vi/zqjGhWW8O0Y/maxresdefault.jpg"", ""width""=>1280, ""height""=>720}}",public,46,"<iframe width=""640"" height=""360"" src=""http://www.youtube.com/embed/videoseries?list=PLFLeMkeZ-RhM-_DXB4K7h3vCo8Nb4HbJr"" frameborder=""0"" allowfullscreen></iframe>",2015-09-28 15:31:01,2015-09-30 18:32:11
PLFLeMkeZ-RhM_JCo6pptGRhpGBcu4iBL3,UCzMQMhq7Id0Y_wSDA_CJdGg,YxyobdYztCvdjXOUqpUttvF39GM/J-kSEItFxYwPo_NHt68uYCvkYxo,2015-09-17 01:11:31,#CNNDebate,"","{""default""=>{""url""=>""https://i.ytimg.com/vi/5rv3GjBV6L8/default.jpg"", ""width""=>120, ""height""=>90}, ""medium""=>{""url""=>""https://i.ytimg.com/vi/5rv3GjBV6L8/mqdefault.jpg"", ""width""=>320, ""height""=>180}, ""high""=>{""url""=>""https://i.ytimg.com/vi/5rv3GjBV6L8/hqdefault.jpg"", ""width""=>480, ""height""=>360}, ""standard""=>{""url""=>""https://i.ytimg.com/vi/5rv3GjBV6L8/sddefault.jpg"", ""width""=>640, ""height""=>480}, ""maxres""=>{""url""=>""https://i.ytimg.com/vi/5rv3GjBV6L8/maxresdefault.jpg"", ""width""=>1280, ""height""=>720}}",public,11,"<iframe width=""640"" height=""360"" src=""http://www.youtube.com/embed/videoseries?list=PLFLeMkeZ-RhM_JCo6pptGRhpGBcu4iBL3"" frameborder=""0"" allowfullscreen></iframe>",2015-09-28 15:31:01,2015-09-30 18:32:11
PLFLeMkeZ-RhMnGzz896M4fZdH26XNpUH0,UCzMQMhq7Id0Y_wSDA_CJdGg,YxyobdYztCvdjXOUqpUttvF39GM/msh8BXtt_-MkeUnJpijk6ukoV9w,2015-08-27 20:54:51,On the Campaign Trail,"","{""default""=>{""url""=>""https://i.ytimg.com/vi/sgthjWZNB5Q/default.jpg"", ""width""=>120, ""height""=>90}, ""medium""=>{""url""=>""https://i.ytimg.com/vi/sgthjWZNB5Q/mqdefault.jpg"", ""width""=>320, ""height""=>180}, ""high""=>{""url""=>""https://i.ytimg.com/vi/sgthjWZNB5Q/hqdefault.jpg"", ""width""=>480, ""height""=>360}}",public,30,"<iframe width=""640"" height=""360"" src=""http://www.youtube.com/embed/videoseries?list=PLFLeMkeZ-RhMnGzz896M4fZdH26XNpUH0"" frameborder=""0"" allowfullscreen></iframe>",2015-09-28 15:31:01,2015-09-30 18:32:11
PLFLeMkeZ-RhMsd6-NODlo5MtUQzOSoL--,UCzMQMhq7Id0Y_wSDA_CJdGg,YxyobdYztCvdjXOUqpUttvF39GM/Q7BKUVBOpeqyS_BWk0GABzMqokI,2015-08-27 20:49:22,TV Appearances,"","{""default""=>{""url""=>""https://i.ytimg.com/vi/TcXR8QZchtw/default.jpg"", ""width""=>120, ""height""=>90}, ""medium""=>{""url""=>""https://i.ytimg.com/vi/TcXR8QZchtw/mqdefault.jpg"", ""width""=>320, ""height""=>180}, ""high""=>{""url""=>""https://i.ytimg.com/vi/TcXR8QZchtw/hqdefault.jpg"", ""width""=>480, ""height""=>360}, ""standard""=>{""url""=>""https://i.ytimg.com/vi/TcXR8QZchtw/sddefault.jpg"", ""width""=>640, ""height""=>480}, ""maxres""=>{""url""=>""https://i.ytimg.com/vi/TcXR8QZchtw/maxresdefault.jpg"", ""width""=>1280, ""height""=>720}}",public,46,"<iframe width=""640"" height=""360"" src=""http://www.youtube.com/embed/videoseries?list=PLFLeMkeZ-RhMsd6-NODlo5MtUQzOSoL--"" frameborder=""0"" allowfullscreen></iframe>",2015-09-28 15:31:01,2015-09-30 18:32:11
PLFLeMkeZ-RhORUQ9FGEzhAxDkZjWR0MwJ,UCzMQMhq7Id0Y_wSDA_CJdGg,YxyobdYztCvdjXOUqpUttvF39GM/rveTj1txqKjIXMl7mZA6KZsCsuk,2015-08-27 20:54:00,Fox News and Facebook GOP Debate,"","{""default""=>{""url""=>""https://i.ytimg.com/vi/qfVX8a6gFGQ/default.jpg"", ""width""=>120, ""height""=>90}, ""medium""=>{""url""=>""https://i.ytimg.com/vi/qfVX8a6gFGQ/mqdefault.jpg"", ""width""=>320, ""height""=>180}, ""high""=>{""url""=>""https://i.ytimg.com/vi/qfVX8a6gFGQ/hqdefault.jpg"", ""width""=>480, ""height""=>360}, ""standard""=>{""url""=>""https://i.ytimg.com/vi/qfVX8a6gFGQ/sddefault.jpg"", ""width""=>640, ""height""=>480}, ""maxres""=>{""url""=>""https://i.ytimg.com/vi/qfVX8a6gFGQ/maxresdefault.jpg"", ""width""=>1280, ""height""=>720}}",public,6,"<iframe width=""640"" height=""360"" src=""http://www.youtube.com/embed/videoseries?list=PLFLeMkeZ-RhORUQ9FGEzhAxDkZjWR0MwJ"" frameborder=""0"" allowfullscreen></iframe>",2015-09-28 15:31:01,2015-09-30 18:32:11
PL_2NQfDP0JsMIX1GOsdHrdAZI0ZOal8ID,UCH1dpzjCEiGAt8CXkryhkZg,YxyobdYztCvdjXOUqpUttvF39GM/75UQfsNCOn1WQ72QEqpD7a5zslA,2015-09-21 03:33:11,On the Road,"","{""default""=>{""url""=>""https://i.ytimg.com/vi/WFHaAwnenCc/default.jpg"", ""width""=>120, ""height""=>90}, ""medium""=>{""url""=>""https://i.ytimg.com/vi/WFHaAwnenCc/mqdefault.jpg"", ""width""=>320, ""height""=>180}, ""high""=>{""url""=>""https://i.ytimg.com/vi/WFHaAwnenCc/hqdefault.jpg"", ""width""=>480, ""height""=>360}, ""standard""=>{""url""=>""https://i.ytimg.com/vi/WFHaAwnenCc/sddefault.jpg"", ""width""=>640, ""height""=>480}, ""maxres""=>{""url""=>""https://i.ytimg.com/vi/WFHaAwnenCc/maxresdefault.jpg"", ""width""=>1280, ""height""=>720}}",public,18,"<iframe width=""640"" height=""360"" src=""http://www.youtube.com/embed/videoseries?list=PL_2NQfDP0JsMIX1GOsdHrdAZI0ZOal8ID"" frameborder=""0"" allowfullscreen></iframe>",2015-09-28 15:30:47,2015-09-30 18:31:21
PLaslVg0QUU4U6nGCQVv1bFyW6Ex60NSHd,UCxuef1vrlJMjZRrFmYyGSeQ,YxyobdYztCvdjXOUqpUttvF39GM/v0O7tY-68Dqt_hY1lIEygDzyQ7M,2015-07-19 20:58:19,Mount Washington,"","{""default""=>{""url""=>""https://i.ytimg.com/vi/gIspcjpT4Vs/default.jpg"", ""width""=>120, ""height""=>90}, ""medium""=>{""url""=>""https://i.ytimg.com/vi/gIspcjpT4Vs/mqdefault.jpg"", ""width""=>320, ""height""=>180}, ""high""=>{""url""=>""https://i.ytimg.com/vi/gIspcjpT4Vs/hqdefault.jpg"", ""width""=>480, ""height""=>360}, ""standard""=>{""url""=>""https://i.ytimg.com/vi/gIspcjpT4Vs/sddefault.jpg"", ""width""=>640, ""height""=>480}, ""maxres""=>{""url""=>""https://i.ytimg.com/vi/gIspcjpT4Vs/maxresdefault.jpg"", ""width""=>1280, ""height""=>720}}",public,9,"<iframe width=""640"" height=""360"" src=""http://www.youtube.com/embed/videoseries?list=PLaslVg0QUU4U6nGCQVv1bFyW6Ex60NSHd"" frameborder=""0"" allowfullscreen></iframe>",2015-09-28 15:30:51,2015-09-30 18:31:33
PLaslVg0QUU4UDFItYmrZIfqsTQDuj3m_w,UCxuef1vrlJMjZRrFmYyGSeQ,YxyobdYztCvdjXOUqpUttvF39GM/0O0WSO0iySQCEsVY059DuY_veZo,2015-06-14 21:41:40,Jeb 2016,"","{""default""=>{""url""=>""https://i.ytimg.com/vi/YQt_E4acnWo/default.jpg"", ""width""=>120, ""height""=>90}, ""medium""=>{""url""=>""https://i.ytimg.com/vi/YQt_E4acnWo/mqdefault.jpg"", ""width""=>320, ""height""=>180}, ""high""=>{""url""=>""https://i.ytimg.com/vi/YQt_E4acnWo/hqdefault.jpg"", ""width""=>480, ""height""=>360}, ""standard""=>{""url""=>""https://i.ytimg.com/vi/YQt_E4acnWo/sddefault.jpg"", ""width""=>640, ""height""=>480}, ""maxres""=>{""url""=>""https://i.ytimg.com/vi/YQt_E4acnWo/maxresdefault.jpg"", ""width""=>1280, ""height""=>720}}",public,46,"<iframe width=""640"" height=""360"" src=""http://www.youtube.com/embed/videoseries?list=PLaslVg0QUU4UDFItYmrZIfqsTQDuj3m_w"" frameborder=""0"" allowfullscreen></iframe>",2015-09-28 15:30:51,2015-09-30 18:31:33
PLaslVg0QUU4UWCPQQhg38o1TPeHHtqILB,UCxuef1vrlJMjZRrFmYyGSeQ,YxyobdYztCvdjXOUqpUttvF39GM/pam2GMqIcKxX7qtndALETcJBXQM,2015-06-16 20:08:59,#JebNoFilter,"","{""default""=>{""url""=>""https://i.ytimg.com/vi/Eda6uG7eGiA/default.jpg"", ""width""=>120, ""height""=>90}, ""medium""=>{""url""=>""https://i.ytimg.com/vi/Eda6uG7eGiA/mqdefault.jpg"", ""width""=>320, ""height""=>180}, ""high""=>{""url""=>""https://i.ytimg.com/vi/Eda6uG7eGiA/hqdefault.jpg"", ""width""=>480, ""height""=>360}}",public,8,"<iframe width=""640"" height=""360"" src=""http://www.youtube.com/embed/videoseries?list=PLaslVg0QUU4UWCPQQhg38o1TPeHHtqILB"" frameborder=""0"" allowfullscreen></iframe>",2015-09-28 15:30:51,2015-09-30 18:31:33
PLaslVg0QUU4XpHF-eEFZgeDsAKjc1foeI,UCxuef1vrlJMjZRrFmYyGSeQ,YxyobdYztCvdjXOUqpUttvF39GM/9MwQbpixGWYVYI5WJYlWRH-N8vo,2015-06-22 23:12:32,Â¡Todos Por Jeb!,"","{""default""=>{""url""=>""https://i.ytimg.com/vi/cPE8X-eef70/default.jpg"", ""width""=>120, ""height""=>90}, ""medium""=>{""url""=>""https://i.ytimg.com/vi/cPE8X-eef70/mqdefault.jpg"", ""width""=>320, ""height""=>180}, ""high""=>{""url""=>""https://i.ytimg.com/vi/cPE8X-eef70/hqdefault.jpg"", ""width""=>480, ""height""=>360}, ""standard""=>{""url""=>""https://i.ytimg.com/vi/cPE8X-eef70/sddefault.jpg"", ""width""=>640, ""height""=>480}, ""maxres""=>{""url""=>""https://i.ytimg.com/vi/cPE8X-eef70/maxresdefault.jpg"", ""width""=>1280, ""height""=>720}}",public,4,"<iframe width=""640"" height=""360"" src=""http://www.youtube.com/embed/videoseries?list=PLaslVg0QUU4XpHF-eEFZgeDsAKjc1foeI"" frameborder=""0"" allowfullscreen></iframe>",2015-09-28 15:30:51,2015-09-30 18:31:33
PLcJWZbJD06uBEWtVez3AyRELBEBemGvz-,UCv21uvBUh9c-P41qeMREjog,YxyobdYztCvdjXOUqpUttvF39GM/gPoA9RslAZb8CsdR5S5UdlvgQTk,2014-08-19 12:46:38,TV Ads,"","{""default""=>{""url""=>""https://i.ytimg.com/vi/eE1plRU-3Ic/default.jpg"", ""width""=>120, ""height""=>90}, ""medium""=>{""url""=>""https://i.ytimg.com/vi/eE1plRU-3Ic/mqdefault.jpg"", ""width""=>320, ""height""=>180}, ""high""=>{""url""=>""https://i.ytimg.com/vi/eE1plRU-3Ic/hqdefault.jpg"", ""width""=>480, ""height""=>360}, ""standard""=>{""url""=>""https://i.ytimg.com/vi/eE1plRU-3Ic/sddefault.jpg"", ""width""=>640, ""height""=>480}}",public,12,"<iframe width=""640"" height=""360"" src=""http://www.youtube.com/embed/videoseries?list=PLcJWZbJD06uBEWtVez3AyRELBEBemGvz-"" frameborder=""0"" allowfullscreen></iframe>",2015-09-30 18:32:16,2015-09-30 18:32:16
PLvJZElnWcuy-5A9auOlMGG1XFsUkiiq1Q,UCS3pMFB7C_BujEG5xaQIZzw,YxyobdYztCvdjXOUqpUttvF39GM/YYH5r4Hwes6VmAAqsEZbDxG5XLk,2015-08-04 15:25:10,Forum/Debate Highlights,"","{""default""=>{""url""=>""https://i.ytimg.com/vi/vT4sA_VqNnE/default.jpg"", ""width""=>120, ""height""=>90}, ""medium""=>{""url""=>""https://i.ytimg.com/vi/vT4sA_VqNnE/mqdefault.jpg"", ""width""=>320, ""height""=>180}, ""high""=>{""url""=>""https://i.ytimg.com/vi/vT4sA_VqNnE/hqdefault.jpg"", ""width""=>480, ""height""=>360}, ""standard""=>{""url""=>""https://i.ytimg.com/vi/vT4sA_VqNnE/sddefault.jpg"", ""width""=>640, ""height""=>480}, ""maxres""=>{""url""=>""https://i.ytimg.com/vi/vT4sA_VqNnE/maxresdefault.jpg"", ""width""=>1280, ""height""=>720}}",public,15,"<iframe width=""640"" height=""360"" src=""http://www.youtube.com/embed/videoseries?list=PLvJZElnWcuy-5A9auOlMGG1XFsUkiiq1Q"" frameborder=""0"" allowfullscreen></iframe>",2015-09-28 15:30:59,2015-09-30 18:32:00
PLvJZElnWcuy-lQiBMg2qlcG4-4QqlzV9j,UCS3pMFB7C_BujEG5xaQIZzw,YxyobdYztCvdjXOUqpUttvF39GM/xQxEsaY9oqhxb_Sy6rjw6VUedUQ,2015-09-04 18:07:08,Marco On The Issues,"","{""default""=>{""url""=>""https://i.ytimg.com/vi/1tJsQNTAWkA/default.jpg"", ""width""=>120, ""height""=>90}, ""medium""=>{""url""=>""https://i.ytimg.com/vi/1tJsQNTAWkA/mqdefault.jpg"", ""width""=>320, ""height""=>180}, ""high""=>{""url""=>""https://i.ytimg.com/vi/1tJsQNTAWkA/hqdefault.jpg"", ""width""=>480, ""height""=>360}, ""standard""=>{""url""=>""https://i.ytimg.com/vi/1tJsQNTAWkA/sddefault.jpg"", ""width""=>640, ""height""=>480}, ""maxres""=>{""url""=>""https://i.ytimg.com/vi/1tJsQNTAWkA/maxresdefault.jpg"", ""width""=>1280, ""height""=>720}}",public,9,"<iframe width=""640"" height=""360"" src=""http://www.youtube.com/embed/videoseries?list=PLvJZElnWcuy-lQiBMg2qlcG4-4QqlzV9j"" frameborder=""0"" allowfullscreen></iframe>",2015-09-28 15:30:58,2015-09-30 18:31:59
PLvJZElnWcuy-rAguXbIMPfg7fgboC4_7s,UCS3pMFB7C_BujEG5xaQIZzw,YxyobdYztCvdjXOUqpUttvF39GM/7fLuafvWvxBAzTWJ--rJfwhIwF0,2015-09-10 15:20:54,Marco Unedited,"","{""default""=>{""url""=>""https://i.ytimg.com/vi/RBqpiA5KLZo/default.jpg"", ""width""=>120, ""height""=>90}, ""medium""=>{""url""=>""https://i.ytimg.com/vi/RBqpiA5KLZo/mqdefault.jpg"", ""width""=>320, ""height""=>180}, ""high""=>{""url""=>""https://i.ytimg.com/vi/RBqpiA5KLZo/hqdefault.jpg"", ""width""=>480, ""height""=>360}}",public,5,"<iframe width=""640"" height=""360"" src=""http://www.youtube.com/embed/videoseries?list=PLvJZElnWcuy-rAguXbIMPfg7fgboC4_7s"" frameborder=""0"" allowfullscreen></iframe>",2015-09-28 15:30:58,2015-09-30 18:31:59
PLvJZElnWcuy8FvLPuztCfzja5zBdlSZES,UCS3pMFB7C_BujEG5xaQIZzw,YxyobdYztCvdjXOUqpUttvF39GM/hC9pF3OeT9-l2E61xwuxDhko0fA,2015-08-05 18:09:52,Meet Marco,"","{""default""=>{""url""=>""https://i.ytimg.com/vi/tJPgJICk5zQ/default.jpg"", ""width""=>120, ""height""=>90}, ""medium""=>{""url""=>""https://i.ytimg.com/vi/tJPgJICk5zQ/mqdefault.jpg"", ""width""=>320, ""height""=>180}, ""high""=>{""url""=>""https://i.ytimg.com/vi/tJPgJICk5zQ/hqdefault.jpg"", ""width""=>480, ""height""=>360}, ""standard""=>{""url""=>""https://i.ytimg.com/vi/tJPgJICk5zQ/sddefault.jpg"", ""width""=>640, ""height""=>480}, ""maxres""=>{""url""=>""https://i.ytimg.com/vi/tJPgJICk5zQ/maxresdefault.jpg"", ""width""=>1280, ""height""=>720}}",public,6,"<iframe width=""640"" height=""360"" src=""http://www.youtube.com/embed/videoseries?list=PLvJZElnWcuy8FvLPuztCfzja5zBdlSZES"" frameborder=""0"" allowfullscreen></iframe>",2015-09-28 15:30:59,2015-09-30 18:32:00
PLvJZElnWcuy8Hf2DJvVjo0zV-EXYBz5Uk,UCS3pMFB7C_BujEG5xaQIZzw,YxyobdYztCvdjXOUqpUttvF39GM/uZkN00MxiAVqAq-5RHrfXdGSBOk,2015-09-17 02:53:28,CNN Debate,"","{""default""=>{""url""=>""https://i.ytimg.com/vi/7Qtk2q41Eo8/default.jpg"", ""width""=>120, ""height""=>90}, ""medium""=>{""url""=>""https://i.ytimg.com/vi/7Qtk2q41Eo8/mqdefault.jpg"", ""width""=>320, ""height""=>180}, ""high""=>{""url""=>""https://i.ytimg.com/vi/7Qtk2q41Eo8/hqdefault.jpg"", ""width""=>480, ""height""=>360}, ""standard""=>{""url""=>""https://i.ytimg.com/vi/7Qtk2q41Eo8/sddefault.jpg"", ""width""=>640, ""height""=>480}, ""maxres""=>{""url""=>""https://i.ytimg.com/vi/7Qtk2q41Eo8/maxresdefault.jpg"", ""width""=>1280, ""height""=>720}}",public,35,"<iframe width=""640"" height=""360"" src=""http://www.youtube.com/embed/videoseries?list=PLvJZElnWcuy8Hf2DJvVjo0zV-EXYBz5Uk"" frameborder=""0"" allowfullscreen></iframe>",2015-09-28 15:30:58,2015-09-30 18:31:59
PLvJZElnWcuy8LJeqcfRcMQHFGSHdNEC_X,UCS3pMFB7C_BujEG5xaQIZzw,YxyobdYztCvdjXOUqpUttvF39GM/qr2oSKJOaOQSpFOJONVNRPFjwLo,2015-08-05 18:19:25,Marco On The Trail,"","{""default""=>{""url""=>""https://i.ytimg.com/vi/Dzqx2uGEcs8/default.jpg"", ""width""=>120, ""height""=>90}, ""medium""=>{""url""=>""https://i.ytimg.com/vi/Dzqx2uGEcs8/mqdefault.jpg"", ""width""=>320, ""height""=>180}, ""high""=>{""url""=>""https://i.ytimg.com/vi/Dzqx2uGEcs8/hqdefault.jpg"", ""width""=>480, ""height""=>360}, ""standard""=>{""url""=>""https://i.ytimg.com/vi/Dzqx2uGEcs8/sddefault.jpg"", ""width""=>640, ""height""=>480}, ""maxres""=>{""url""=>""https://i.ytimg.com/vi/Dzqx2uGEcs8/maxresdefault.jpg"", ""width""=>1280, ""height""=>720}}",public,12,"<iframe width=""640"" height=""360"" src=""http://www.youtube.com/embed/videoseries?list=PLvJZElnWcuy8LJeqcfRcMQHFGSHdNEC_X"" frameborder=""0"" allowfullscreen></iframe>",2015-09-28 15:30:58,2015-09-30 18:31:59
PLvJZElnWcuy8gqUAYJX1huE5KLf0E3j2R,UCS3pMFB7C_BujEG5xaQIZzw,YxyobdYztCvdjXOUqpUttvF39GM/IwOlNwPcWmBqg_7xs8gGj6elBdY,2015-08-26 20:46:46,Marco Rubio on the Stump,"","{""default""=>{""url""=>""http://s.ytimg.com/yts/img/no_thumbnail-vfl4t3-4R.jpg"", ""width""=>120, ""height""=>90}, ""medium""=>{""url""=>""http://s.ytimg.com/yts/img/no_thumbnail-vfl4t3-4R.jpg"", ""width""=>320, ""height""=>180}, ""high""=>{""url""=>""http://s.ytimg.com/yts/img/no_thumbnail-vfl4t3-4R.jpg"", ""width""=>480, ""height""=>360}}",public,1,"<iframe width=""640"" height=""360"" src=""http://www.youtube.com/embed/videoseries?list=PLvJZElnWcuy8gqUAYJX1huE5KLf0E3j2R"" frameborder=""0"" allowfullscreen></iframe>",2015-09-28 15:30:58,2015-09-30 18:31:59
PLvJZElnWcuy9LWqYP2e5INbTcJKoWqcEj,UCS3pMFB7C_BujEG5xaQIZzw,YxyobdYztCvdjXOUqpUttvF39GM/_mDxwlWw8OoKERnE4bHTnMnj990,2015-04-14 18:32:39,Speech Highlights,"","{""default""=>{""url""=>""https://i.ytimg.com/vi/HKkj5nmTSNg/default.jpg"", ""width""=>120, ""height""=>90}, ""medium""=>{""url""=>""https://i.ytimg.com/vi/HKkj5nmTSNg/mqdefault.jpg"", ""width""=>320, ""height""=>180}, ""high""=>{""url""=>""https://i.ytimg.com/vi/HKkj5nmTSNg/hqdefault.jpg"", ""width""=>480, ""height""=>360}}",public,2,"<iframe width=""640"" height=""360"" src=""http://www.youtube.com/embed/videoseries?list=PLvJZElnWcuy9LWqYP2e5INbTcJKoWqcEj"" frameborder=""0"" allowfullscreen></iframe>",2015-09-28 15:30:59,2015-09-30 18:32:00
PLvJZElnWcuy9cok5kgeURx3QirKjRNUrn,UCS3pMFB7C_BujEG5xaQIZzw,YxyobdYztCvdjXOUqpUttvF39GM/D5Ivqsc9rnQFL5fDKZ4z5U1kwlQ,2015-04-16 15:23:15,Media Highlights,"","{""default""=>{""url""=>""https://i.ytimg.com/vi/YGfL1uye1U0/default.jpg"", ""width""=>120, ""height""=>90}, ""medium""=>{""url""=>""https://i.ytimg.com/vi/YGfL1uye1U0/mqdefault.jpg"", ""width""=>320, ""height""=>180}, ""high""=>{""url""=>""https://i.ytimg.com/vi/YGfL1uye1U0/hqdefault.jpg"", ""width""=>480, ""height""=>360}, ""standard""=>{""url""=>""https://i.ytimg.com/vi/YGfL1uye1U0/sddefault.jpg"", ""width""=>640, ""height""=>480}, ""maxres""=>{""url""=>""https://i.ytimg.com/vi/YGfL1uye1U0/maxresdefault.jpg"", ""width""=>1280, ""height""=>720}}",public,70,"<iframe width=""640"" height=""360"" src=""http://www.youtube.com/embed/videoseries?list=PLvJZElnWcuy9cok5kgeURx3QirKjRNUrn"" frameborder=""0"" allowfullscreen></iframe>",2015-09-28 15:30:59,2015-09-30 18:32:00
PLvJZElnWcuy_R4YOTUzBRmLrxNa0UEZ5_,UCS3pMFB7C_BujEG5xaQIZzw,YxyobdYztCvdjXOUqpUttvF39GM/7rD--fE3bDq-kIguX31nDZQjBlM,2015-06-18 15:50:32,Early State Highlights,"","{""default""=>{""url""=>""https://i.ytimg.com/vi/KZo33Q2w9Z8/default.jpg"", ""width""=>120, ""height""=>90}, ""medium""=>{""url""=>""https://i.ytimg.com/vi/KZo33Q2w9Z8/mqdefault.jpg"", ""width""=>320, ""height""=>180}, ""high""=>{""url""=>""https://i.ytimg.com/vi/KZo33Q2w9Z8/hqdefault.jpg"", ""width""=>480, ""height""=>360}, ""standard""=>{""url""=>""https://i.ytimg.com/vi/KZo33Q2w9Z8/sddefault.jpg"", ""width""=>640, ""height""=>480}, ""maxres""=>{""url""=>""https://i.ytimg.com/vi/KZo33Q2w9Z8/maxresdefault.jpg"", ""width""=>1280, ""height""=>720}}",public,12,"<iframe width=""640"" height=""360"" src=""http://www.youtube.com/embed/videoseries?list=PLvJZElnWcuy_R4YOTUzBRmLrxNa0UEZ5_"" frameborder=""0"" allowfullscreen></iframe>",2015-09-28 15:30:59,2015-09-30 18:32:00
PLvJZElnWcuy_sqh-cAQO4Fhm0AXA6dFRu,UCS3pMFB7C_BujEG5xaQIZzw,YxyobdYztCvdjXOUqpUttvF39GM/t0fCGHq9swQk0_bBjhoYgjGUkpA,2015-04-14 14:35:18,Snapchat Stories,"","{""default""=>{""url""=>""https://i.ytimg.com/vi/rv6iuR04-ZE/default.jpg"", ""width""=>120, ""height""=>90}, ""medium""=>{""url""=>""https://i.ytimg.com/vi/rv6iuR04-ZE/mqdefault.jpg"", ""width""=>320, ""height""=>180}, ""high""=>{""url""=>""https://i.ytimg.com/vi/rv6iuR04-ZE/hqdefault.jpg"", ""width""=>480, ""height""=>360}}",public,2,"<iframe width=""640"" height=""360"" src=""http://www.youtube.com/embed/videoseries?list=PLvJZElnWcuy_sqh-cAQO4Fhm0AXA6dFRu"" frameborder=""0"" allowfullscreen></iframe>",2015-09-28 15:30:59,2015-09-30 18:32:04
PLzu3xg72huHioztC_HoFwjzDDJN3h-bxU,UC9AKA0PYiGCSPqfCEMaKtag,YxyobdYztCvdjXOUqpUttvF39GM/SKUkjpNBNjP6mASUjd2kRebTi2k,2014-10-15 19:20:01,Trump,"","{""default""=>{""url""=>""https://i.ytimg.com/vi/8SAeKk1QjtE/default.jpg"", ""width""=>120, ""height""=>90}, ""medium""=>{""url""=>""https://i.ytimg.com/vi/8SAeKk1QjtE/mqdefault.jpg"", ""width""=>320, ""height""=>180}, ""high""=>{""url""=>""https://i.ytimg.com/vi/8SAeKk1QjtE/hqdefault.jpg"", ""width""=>480, ""height""=>360}, ""standard""=>{""url""=>""https://i.ytimg.com/vi/8SAeKk1QjtE/sddefault.jpg"", ""width""=>640, ""height""=>480}, ""maxres""=>{""url""=>""https://i.ytimg.com/vi/8SAeKk1QjtE/maxresdefault.jpg"", ""width""=>1280, ""height""=>720}}",public,9,"<iframe width=""640"" height=""360"" src=""http://www.youtube.com/embed/videoseries?list=PLzu3xg72huHioztC_HoFwjzDDJN3h-bxU"" frameborder=""0"" allowfullscreen></iframe>",2015-09-28 15:30:50,2015-09-30 18:31:30
UU-Cs55IKt_UoYTMyioTSPww,UC-Cs55IKt_UoYTMyioTSPww,YxyobdYztCvdjXOUqpUttvF39GM/G-XAe2R01djzMipMkcdKs1Hjacg,1970-01-01 00:00:00,Uploads from Webb 2016,"","{""default""=>{""url""=>""https://i.ytimg.com/vi/Gpee4LPcQfI/default.jpg"", ""width""=>120, ""height""=>90}, ""medium""=>{""url""=>""https://i.ytimg.com/vi/Gpee4LPcQfI/mqdefault.jpg"", ""width""=>320, ""height""=>180}, ""high""=>{""url""=>""https://i.ytimg.com/vi/Gpee4LPcQfI/hqdefault.jpg"", ""width""=>480, ""height""=>360}}",public,3,"<iframe width=""640"" height=""360"" src=""http://www.youtube.com/embed/videoseries?list=UU-Cs55IKt_UoYTMyioTSPww"" frameborder=""0"" allowfullscreen></iframe>",2015-09-28 15:30:46,2015-09-30 18:31:47
UU4vrtT6rYwuocyUAqzw7ERA,UC4vrtT6rYwuocyUAqzw7ERA,YxyobdYztCvdjXOUqpUttvF39GM/plkCDElF0ksB9XHqM1YZJ-1hO4s,1970-01-01 00:00:00,Uploads from Mike Huckabee For President,"","{""default""=>{""url""=>""https://i.ytimg.com/vi/MP3UtdRmGkg/default.jpg"", ""width""=>120, ""height""=>90}, ""medium""=>{""url""=>""https://i.ytimg.com/vi/MP3UtdRmGkg/mqdefault.jpg"", ""width""=>320, ""height""=>180}, ""high""=>{""url""=>""https://i.ytimg.com/vi/MP3UtdRmGkg/hqdefault.jpg"", ""width""=>480, ""height""=>360}, ""standard""=>{""url""=>""https://i.ytimg.com/vi/MP3UtdRmGkg/sddefault.jpg"", ""width""=>640, ""height""=>480}, ""maxres""=>{""url""=>""https://i.ytimg.com/vi/MP3UtdRmGkg/maxresdefault.jpg"", ""width""=>1280, ""height""=>720}}",public,61,"<iframe width=""640"" height=""360"" src=""http://www.youtube.com/embed/videoseries?list=UU4vrtT6rYwuocyUAqzw7ERA"" frameborder=""0"" allowfullscreen></iframe>",2015-09-28 15:30:56,2015-09-30 18:31:44
UU9AKA0PYiGCSPqfCEMaKtag,UC9AKA0PYiGCSPqfCEMaKtag,YxyobdYztCvdjXOUqpUttvF39GM/z4qAASyVtHU06Ylm57OSqUdEUDg,1970-01-01 00:00:00,Uploads from Trump,"","{""default""=>{""url""=>""https://i.ytimg.com/vi/gua0pVYIuCU/default.jpg"", ""width""=>120, ""height""=>90}, ""medium""=>{""url""=>""https://i.ytimg.com/vi/gua0pVYIuCU/mqdefault.jpg"", ""width""=>320, ""height""=>180}, ""high""=>{""url""=>""https://i.ytimg.com/vi/gua0pVYIuCU/hqdefault.jpg"", ""width""=>480, ""height""=>360}, ""standard""=>{""url""=>""https://i.ytimg.com/vi/gua0pVYIuCU/sddefault.jpg"", ""width""=>640, ""height""=>480}, ""maxres""=>{""url""=>""https://i.ytimg.com/vi/gua0pVYIuCU/maxresdefault.jpg"", ""width""=>1280, ""height""=>720}}",public,160,"<iframe width=""640"" height=""360"" src=""http://www.youtube.com/embed/videoseries?list=UU9AKA0PYiGCSPqfCEMaKtag"" frameborder=""0"" allowfullscreen></iframe>",2015-09-28 15:30:49,2015-09-30 18:31:29
UU9kxxJRFWN5Bup1QHhGcxgw,UC9kxxJRFWN5Bup1QHhGcxgw,YxyobdYztCvdjXOUqpUttvF39GM/Ul5K55nv8O8KKEAvy0yfLB_Zho0,1970-01-01 00:00:00,Uploads from Governor Rick Perry,"","{""default""=>{""url""=>""https://i.ytimg.com/vi/fA_gpDYDjPU/default.jpg"", ""width""=>120, ""height""=>90}, ""medium""=>{""url""=>""https://i.ytimg.com/vi/fA_gpDYDjPU/mqdefault.jpg"", ""width""=>320, ""height""=>180}, ""high""=>{""url""=>""https://i.ytimg.com/vi/fA_gpDYDjPU/hqdefault.jpg"", ""width""=>480, ""height""=>360}, ""standard""=>{""url""=>""https://i.ytimg.com/vi/fA_gpDYDjPU/sddefault.jpg"", ""width""=>640, ""height""=>480}}",public,189,"<iframe width=""640"" height=""360"" src=""http://www.youtube.com/embed/videoseries?list=UU9kxxJRFWN5Bup1QHhGcxgw"" frameborder=""0"" allowfullscreen></iframe>",2015-09-28 15:30:52,2015-09-30 18:31:33
UUEeJwPqSAkPNxIR-HZ89fvw,UCEeJwPqSAkPNxIR-HZ89fvw,YxyobdYztCvdjXOUqpUttvF39GM/b03L5V398dOEU8sd8vKWxNjHkk4,1970-01-01 00:00:00,Uploads from Scott Walker,"","{""default""=>{""url""=>""https://i.ytimg.com/vi/LeYXjS2NbwY/default.jpg"", ""width""=>120, ""height""=>90}, ""medium""=>{""url""=>""https://i.ytimg.com/vi/LeYXjS2NbwY/mqdefault.jpg"", ""width""=>320, ""height""=>180}, ""high""=>{""url""=>""https://i.ytimg.com/vi/LeYXjS2NbwY/hqdefault.jpg"", ""width""=>480, ""height""=>360}, ""standard""=>{""url""=>""https://i.ytimg.com/vi/LeYXjS2NbwY/sddefault.jpg"", ""width""=>640, ""height""=>480}}",public,74,"<iframe width=""640"" height=""360"" src=""http://www.youtube.com/embed/videoseries?list=UUEeJwPqSAkPNxIR-HZ89fvw"" frameborder=""0"" allowfullscreen></iframe>",2015-09-30 18:32:12,2015-09-30 18:32:12
UUH1dpzjCEiGAt8CXkryhkZg,UCH1dpzjCEiGAt8CXkryhkZg,YxyobdYztCvdjXOUqpUttvF39GM/2UAm7HL5cac0qMBdibJvx6TACsw,1970-01-01 00:00:00,Uploads from Bernie 2016,"","{""default""=>{""url""=>""https://i.ytimg.com/vi/ksuczLfrT5E/default.jpg"", ""width""=>120, ""height""=>90}, ""medium""=>{""url""=>""https://i.ytimg.com/vi/ksuczLfrT5E/mqdefault.jpg"", ""width""=>320, ""height""=>180}, ""high""=>{""url""=>""https://i.ytimg.com/vi/ksuczLfrT5E/hqdefault.jpg"", ""width""=>480, ""height""=>360}, ""standard""=>{""url""=>""https://i.ytimg.com/vi/ksuczLfrT5E/sddefault.jpg"", ""width""=>640, ""height""=>480}, ""maxres""=>{""url""=>""https://i.ytimg.com/vi/ksuczLfrT5E/maxresdefault.jpg"", ""width""=>1280, ""height""=>720}}",public,76,"<iframe width=""640"" height=""360"" src=""http://www.youtube.com/embed/videoseries?list=UUH1dpzjCEiGAt8CXkryhkZg"" frameborder=""0"" allowfullscreen></iframe>",2015-09-28 15:30:47,2015-09-30 18:31:20
UUHprWAjXDn0eQrQdvHk1LMA,UCHprWAjXDn0eQrQdvHk1LMA,YxyobdYztCvdjXOUqpUttvF39GM/VrFQm5_2--jQzPucN-WyHsXZVXQ,1970-01-01 00:00:00,Uploads from BobbyJindal,"","{""default""=>{""url""=>""https://i.ytimg.com/vi/qBJb9D8_kj0/default.jpg"", ""width""=>120, ""height""=>90}, ""medium""=>{""url""=>""https://i.ytimg.com/vi/qBJb9D8_kj0/mqdefault.jpg"", ""width""=>320, ""height""=>180}, ""high""=>{""url""=>""https://i.ytimg.com/vi/qBJb9D8_kj0/hqdefault.jpg"", ""width""=>480, ""height""=>360}, ""standard""=>{""url""=>""https://i.ytimg.com/vi/qBJb9D8_kj0/sddefault.jpg"", ""width""=>640, ""height""=>480}}",public,6,"<iframe width=""640"" height=""360"" src=""http://www.youtube.com/embed/videoseries?list=UUHprWAjXDn0eQrQdvHk1LMA"" frameborder=""0"" allowfullscreen></iframe>",2015-09-28 15:30:48,2015-09-30 18:31:24
UUQnJDld3oa2vX7xYaXlSj4A,UCQnJDld3oa2vX7xYaXlSj4A,YxyobdYztCvdjXOUqpUttvF39GM/Q5mj7N2gMLUjlq6fX9RHkSBpaxs,1970-01-01 00:00:00,Uploads from Chris Christie,"","{""default""=>{""url""=>""https://i.ytimg.com/vi/2-72niZ4T6U/default.jpg"", ""width""=>120, ""height""=>90}, ""medium""=>{""url""=>""https://i.ytimg.com/vi/2-72niZ4T6U/mqdefault.jpg"", ""width""=>320, ""height""=>180}, ""high""=>{""url""=>""https://i.ytimg.com/vi/2-72niZ4T6U/hqdefault.jpg"", ""width""=>480, ""height""=>360}, ""standard""=>{""url""=>""https://i.ytimg.com/vi/2-72niZ4T6U/sddefault.jpg"", ""width""=>640, ""height""=>480}, ""maxres""=>{""url""=>""https://i.ytimg.com/vi/2-72niZ4T6U/maxresdefault.jpg"", ""width""=>1280, ""height""=>720}}",public,71,"<iframe width=""640"" height=""360"" src=""http://www.youtube.com/embed/videoseries?list=UUQnJDld3oa2vX7xYaXlSj4A"" frameborder=""0"" allowfullscreen></iframe>",2015-09-28 15:30:48,2015-09-30 18:31:22
UUS3pMFB7C_BujEG5xaQIZzw,UCS3pMFB7C_BujEG5xaQIZzw,YxyobdYztCvdjXOUqpUttvF39GM/Z6-iC829lqw7WfkqlC8SPXgxKOA,1970-01-01 00:00:00,Uploads from Marco Rubio,"","{""default""=>{""url""=>""https://i.ytimg.com/vi/ZN13bRUGYYk/default.jpg"", ""width""=>120, ""height""=>90}, ""medium""=>{""url""=>""https://i.ytimg.com/vi/ZN13bRUGYYk/mqdefault.jpg"", ""width""=>320, ""height""=>180}, ""high""=>{""url""=>""https://i.ytimg.com/vi/ZN13bRUGYYk/hqdefault.jpg"", ""width""=>480, ""height""=>360}, ""standard""=>{""url""=>""https://i.ytimg.com/vi/ZN13bRUGYYk/sddefault.jpg"", ""width""=>640, ""height""=>480}}",public,673,"<iframe width=""640"" height=""360"" src=""http://www.youtube.com/embed/videoseries?list=UUS3pMFB7C_BujEG5xaQIZzw"" frameborder=""0"" allowfullscreen></iframe>",2015-09-28 15:30:58,2015-09-30 18:31:53
UUU-5kgkuIPfdDtLru5AAwgg,UCU-5kgkuIPfdDtLru5AAwgg,YxyobdYztCvdjXOUqpUttvF39GM/nT2AwyAFNMkasGcwcAlFozm_WZo,1970-01-01 00:00:00,Uploads from Senator Lindsey Graham,"","{""default""=>{""url""=>""https://i.ytimg.com/vi/VK8iAF3CkLI/default.jpg"", ""width""=>120, ""height""=>90}, ""medium""=>{""url""=>""https://i.ytimg.com/vi/VK8iAF3CkLI/mqdefault.jpg"", ""width""=>320, ""height""=>180}, ""high""=>{""url""=>""https://i.ytimg.com/vi/VK8iAF3CkLI/hqdefault.jpg"", ""width""=>480, ""height""=>360}, ""standard""=>{""url""=>""https://i.ytimg.com/vi/VK8iAF3CkLI/sddefault.jpg"", ""width""=>640, ""height""=>480}, ""maxres""=>{""url""=>""https://i.ytimg.com/vi/VK8iAF3CkLI/maxresdefault.jpg"", ""width""=>1280, ""height""=>720}}",public,167,"<iframe width=""640"" height=""360"" src=""http://www.youtube.com/embed/videoseries?list=UUU-5kgkuIPfdDtLru5AAwgg"" frameborder=""0"" allowfullscreen></iframe>",2015-09-28 15:30:53,2015-09-30 18:31:37
UU_8WUrPbi8clO6sWt_FDvuA,UC_8WUrPbi8clO6sWt_FDvuA,YxyobdYztCvdjXOUqpUttvF39GM/wbQi79lrOjP4fo37BuzEjH8g080,1970-01-01 00:00:00,Uploads from Rand Paul,"","{""default""=>{""url""=>""https://i.ytimg.com/vi/e3KQv101k-I/default.jpg"", ""width""=>120, ""height""=>90}, ""medium""=>{""url""=>""https://i.ytimg.com/vi/e3KQv101k-I/mqdefault.jpg"", ""width""=>320, ""height""=>180}, ""high""=>{""url""=>""https://i.ytimg.com/vi/e3KQv101k-I/hqdefault.jpg"", ""width""=>480, ""height""=>360}, ""standard""=>{""url""=>""https://i.ytimg.com/vi/e3KQv101k-I/sddefault.jpg"", ""width""=>640, ""height""=>480}, ""maxres""=>{""url""=>""https://i.ytimg.com/vi/e3KQv101k-I/maxresdefault.jpg"", ""width""=>1280, ""height""=>720}}",public,103,"<iframe width=""640"" height=""360"" src=""http://www.youtube.com/embed/videoseries?list=UU_8WUrPbi8clO6sWt_FDvuA"" frameborder=""0"" allowfullscreen></iframe>",2015-09-28 15:31:00,2015-09-30 18:32:07
UUcpyWr8t15Xs-4vNmlNVLRQ,UCcpyWr8t15Xs-4vNmlNVLRQ,YxyobdYztCvdjXOUqpUttvF39GM/Kztavoq4VfOb_YzU6cZaQUwZn7k,1970-01-01 00:00:00,Uploads from Rick Santorum,"","{""default""=>{""url""=>""https://i.ytimg.com/vi/3hKd6GsoX9Q/default.jpg"", ""width""=>120, ""height""=>90}, ""medium""=>{""url""=>""https://i.ytimg.com/vi/3hKd6GsoX9Q/mqdefault.jpg"", ""width""=>320, ""height""=>180}, ""high""=>{""url""=>""https://i.ytimg.com/vi/3hKd6GsoX9Q/hqdefault.jpg"", ""width""=>480, ""height""=>360}, ""standard""=>{""url""=>""https://i.ytimg.com/vi/3hKd6GsoX9Q/sddefault.jpg"", ""width""=>640, ""height""=>480}}",public,179,"<iframe width=""640"" height=""360"" src=""http://www.youtube.com/embed/videoseries?list=UUcpyWr8t15Xs-4vNmlNVLRQ"" frameborder=""0"" allowfullscreen></iframe>",2015-09-28 15:30:55,2015-09-30 18:31:42
UUiYZ3Ta44Lc0qP5bOASz7Yw,UCiYZ3Ta44Lc0qP5bOASz7Yw,YxyobdYztCvdjXOUqpUttvF39GM/ni_vPXrKH5qXvOaxSBuHHdzFVFw,1970-01-01 00:00:00,Uploads from CARLY for America,"","{""default""=>{""url""=>""https://i.ytimg.com/vi/fylZ1VBthlI/default.jpg"", ""width""=>120, ""height""=>90}, ""medium""=>{""url""=>""https://i.ytimg.com/vi/fylZ1VBthlI/mqdefault.jpg"", ""width""=>320, ""height""=>180}, ""high""=>{""url""=>""https://i.ytimg.com/vi/fylZ1VBthlI/hqdefault.jpg"", ""width""=>480, ""height""=>360}}",public,228,"<iframe width=""640"" height=""360"" src=""http://www.youtube.com/embed/videoseries?list=UUiYZ3Ta44Lc0qP5bOASz7Yw"" frameborder=""0"" allowfullscreen></iframe>",2015-09-28 15:30:56,2015-09-30 18:31:18
UUuP7cm-m6JDhhBxH8HfFSjQ,UCuP7cm-m6JDhhBxH8HfFSjQ,YxyobdYztCvdjXOUqpUttvF39GM/m8GFGssyNqLGeYsu54398Be-Zkw,1970-01-01 00:00:00,Uploads from George Pataki,"","{""default""=>{""url""=>""https://i.ytimg.com/vi/jF_xAhTo6EA/default.jpg"", ""width""=>120, ""height""=>90}, ""medium""=>{""url""=>""https://i.ytimg.com/vi/jF_xAhTo6EA/mqdefault.jpg"", ""width""=>320, ""height""=>180}, ""high""=>{""url""=>""https://i.ytimg.com/vi/jF_xAhTo6EA/hqdefault.jpg"", ""width""=>480, ""height""=>360}}",public,4,"<iframe width=""640"" height=""360"" src=""http://www.youtube.com/embed/videoseries?list=UUuP7cm-m6JDhhBxH8HfFSjQ"" frameborder=""0"" allowfullscreen></iframe>",2015-09-28 15:30:54,2015-09-30 18:31:38
UUv21uvBUh9c-P41qeMREjog,UCv21uvBUh9c-P41qeMREjog,YxyobdYztCvdjXOUqpUttvF39GM/dk0ophsw5w3DXWQJGuCdDUNKChw,1970-01-01 00:00:00,Uploads from John Kasich,"","{""default""=>{""url""=>""https://i.ytimg.com/vi/ubi98NrTTD8/default.jpg"", ""width""=>120, ""height""=>90}, ""medium""=>{""url""=>""https://i.ytimg.com/vi/ubi98NrTTD8/mqdefault.jpg"", ""width""=>320, ""height""=>180}, ""high""=>{""url""=>""https://i.ytimg.com/vi/ubi98NrTTD8/hqdefault.jpg"", ""width""=>480, ""height""=>360}, ""standard""=>{""url""=>""https://i.ytimg.com/vi/ubi98NrTTD8/sddefault.jpg"", ""width""=>640, ""height""=>480}}",public,86,"<iframe width=""640"" height=""360"" src=""http://www.youtube.com/embed/videoseries?list=UUv21uvBUh9c-P41qeMREjog"" frameborder=""0"" allowfullscreen></iframe>",2015-09-30 18:32:16,2015-09-30 18:32:16
UUxuef1vrlJMjZRrFmYyGSeQ,UCxuef1vrlJMjZRrFmYyGSeQ,YxyobdYztCvdjXOUqpUttvF39GM/EwMVB_wbnMH_SFrn-BTiXVspohI,1970-01-01 00:00:00,Uploads from Jeb Bush,"","{""default""=>{""url""=>""https://i.ytimg.com/vi/O5hd3KQTGDI/default.jpg"", ""width""=>120, ""height""=>90}, ""medium""=>{""url""=>""https://i.ytimg.com/vi/O5hd3KQTGDI/mqdefault.jpg"", ""width""=>320, ""height""=>180}, ""high""=>{""url""=>""https://i.ytimg.com/vi/O5hd3KQTGDI/hqdefault.jpg"", ""width""=>480, ""height""=>360}, ""standard""=>{""url""=>""https://i.ytimg.com/vi/O5hd3KQTGDI/sddefault.jpg"", ""width""=>640, ""height""=>480}}",public,110,"<iframe width=""640"" height=""360"" src=""http://www.youtube.com/embed/videoseries?list=UUxuef1vrlJMjZRrFmYyGSeQ"" frameborder=""0"" allowfullscreen></iframe>",2015-09-28 15:30:51,2015-09-30 18:31:32
UUzMQMhq7Id0Y_wSDA_CJdGg,UCzMQMhq7Id0Y_wSDA_CJdGg,YxyobdYztCvdjXOUqpUttvF39GM/6GHAyyN6MxxK1RtUxZzTNwkGgvE,1970-01-01 00:00:00,Uploads from Ted Cruz,"","{""default""=>{""url""=>""https://i.ytimg.com/vi/a8_gmJvC4UA/default.jpg"", ""width""=>120, ""height""=>90}, ""medium""=>{""url""=>""https://i.ytimg.com/vi/a8_gmJvC4UA/mqdefault.jpg"", ""width""=>320, ""height""=>180}, ""high""=>{""url""=>""https://i.ytimg.com/vi/a8_gmJvC4UA/hqdefault.jpg"", ""width""=>480, ""height""=>360}, ""standard""=>{""url""=>""https://i.ytimg.com/vi/a8_gmJvC4UA/sddefault.jpg"", ""width""=>640, ""height""=>480}, ""maxres""=>{""url""=>""https://i.ytimg.com/vi/a8_gmJvC4UA/maxresdefault.jpg"", ""width""=>1280, ""height""=>720}}",public,325,"<iframe width=""640"" height=""360"" src=""http://www.youtube.com/embed/videoseries?list=UUzMQMhq7Id0Y_wSDA_CJdGg"" frameborder=""0"" allowfullscreen></iframe>",2015-09-28 15:31:01,2015-09-30 18:32:10
